<?xml version="1.0" encoding="UTF-8"?>
<project-private xmlns="http://www.netbeans.org/ns/project-private/1">
    <editor-bookmarks xmlns="http://www.netbeans.org/ns/editor-bookmarks/2" lastBookmarkId="0"/>
    <open-files xmlns="http://www.netbeans.org/ns/projectui-open-files/2">
        <group>
            <file>file:/D:/Java%20Web/ProjectFinalWeb/web/Register.jsp</file>
            <file>file:/D:/Java%20Web/ProjectFinalWeb/src/java/struts.xml</file>
            <file>file:/D:/Java%20Web/ProjectFinalWeb/src/java/controller/RegisterAction.java</file>
            <file>file:/D:/Java%20Web/ProjectFinalWeb/web/NapTien.jsp</file>
            <file>file:/D:/Java%20Web/ProjectFinalWeb/src/java/model/DAO/UserTBLDB.java</file>
            <file>file:/D:/Java%20Web/ProjectFinalWeb/web/history_cus.jsp</file>
            <file>file:/D:/Java%20Web/ProjectFinalWeb/web/styles/history.css</file>
            <file>file:/D:/Java%20Web/ProjectFinalWeb/web/styles/Css.css</file>
            <file>file:/D:/Java%20Web/ProjectFinalWeb/web/History.jsp</file>
            <file>file:/D:/Java%20Web/ProjectFinalWeb/src/java/model/UserTBL.java</file>
            <file>file:/D:/Java%20Web/ProjectFinalWeb/web/WEB-INF/web.xml</file>
        </group>
    </open-files>
</project-private>
