<!DOCTYPE struts PUBLIC
"-//Apache Software Foundation//DTD Struts Configuration 2.0//EN"
"http://struts.apache.org/dtds/struts-2.0.dtd">

<struts>
    <!-- Configuration for the default package. -->
    <package name="default" extends="struts-default">
        <action name="login" class="controller.LoginAction">
            <result name="success">/Index_Cus.jsp</result>
            <result name="error">/Login.jsp</result>
        </action>
        <action name="register" class="controller.RegisterAction">
            <result name="success">/Login.jsp</result>
            <result name="error">/Register.jsp</result>
        </action>
    </package>
</struts>
